timeStamp,elapsed,label,responseCode,responseMessage,threadName,dataType,success,failureMessage,bytes,sentBytes,grpThreads,allThreads,URL,Latency,IdleTime,Connect
1589129465012,11174,HTTP Request,200,OK,jp@gc - Ultimate Thread Group 1-1,text,true,,312,63152,1,1,http://localhost:5000/yolo,11171,0,36
1589129476195,9434,HTTP Request,200,OK,jp@gc - Ultimate Thread Group 1-1,text,true,,312,63164,2,2,http://localhost:5000/yolo,9434,0,2
1589129484898,9639,HTTP Request,200,OK,jp@gc - Ultimate Thread Group 1-2,text,true,,312,63167,2,2,http://localhost:5000/yolo,9639,0,2
1589129485631,11775,HTTP Request,200,OK,jp@gc - Ultimate Thread Group 1-1,text,true,,312,63149,2,2,http://localhost:5000/yolo,11775,0,0
1589129494540,9623,HTTP Request,200,OK,jp@gc - Ultimate Thread Group 1-2,text,true,,312,63176,2,2,http://localhost:5000/yolo,9623,0,2
1589129497406,10648,HTTP Request,200,OK,jp@gc - Ultimate Thread Group 1-1,text,true,,312,63164,4,4,http://localhost:5000/yolo,10648,0,2
1589129504165,8297,HTTP Request,200,OK,jp@gc - Ultimate Thread Group 1-2,text,true,,312,63146,4,4,http://localhost:5000/yolo,8297,0,2
1589129504899,7564,HTTP Request,200,OK,jp@gc - Ultimate Thread Group 1-4,text,true,,312,63152,4,4,http://localhost:5000/yolo,7564,0,1
1589129504899,7564,HTTP Request,200,OK,jp@gc - Ultimate Thread Group 1-3,text,true,,312,63146,4,4,http://localhost:5000/yolo,7564,0,1
1589129508056,9625,HTTP Request,200,OK,jp@gc - Ultimate Thread Group 1-1,text,true,,312,63173,4,4,http://localhost:5000/yolo,9625,0,1
1589129512463,8916,HTTP Request,200,OK,jp@gc - Ultimate Thread Group 1-4,text,true,,312,63170,4,4,http://localhost:5000/yolo,8916,0,2
1589129512463,8916,HTTP Request,200,OK,jp@gc - Ultimate Thread Group 1-3,text,true,,312,63146,4,4,http://localhost:5000/yolo,8916,0,1
1589129512462,8917,HTTP Request,200,OK,jp@gc - Ultimate Thread Group 1-2,text,true,,312,63167,4,4,http://localhost:5000/yolo,8917,0,2
1589129517682,10034,HTTP Request,200,OK,jp@gc - Ultimate Thread Group 1-1,text,true,,312,63176,8,8,http://localhost:5000/yolo,10034,0,1
1589129521382,10019,HTTP Request,200,OK,jp@gc - Ultimate Thread Group 1-2,text,true,,312,63164,8,8,http://localhost:5000/yolo,10019,0,2
1589129521382,10020,HTTP Request,200,OK,jp@gc - Ultimate Thread Group 1-4,text,true,,312,63152,8,8,http://localhost:5000/yolo,10019,0,2
1589129521380,10022,HTTP Request,200,OK,jp@gc - Ultimate Thread Group 1-3,text,true,,312,63164,8,8,http://localhost:5000/yolo,10021,0,2
1589129524904,13154,HTTP Request,200,OK,jp@gc - Ultimate Thread Group 1-7,text,true,,312,63173,8,8,http://localhost:5000/yolo,13154,0,1
1589129524902,13156,HTTP Request,200,OK,jp@gc - Ultimate Thread Group 1-8,text,true,,312,63155,8,8,http://localhost:5000/yolo,13156,0,3
1589129524903,13155,HTTP Request,200,OK,jp@gc - Ultimate Thread Group 1-5,text,true,,312,63158,8,8,http://localhost:5000/yolo,13155,0,3
1589129527716,16690,HTTP Request,200,OK,jp@gc - Ultimate Thread Group 1-1,text,true,,312,63170,8,8,http://localhost:5000/yolo,16690,0,2
1589129531402,13004,HTTP Request,200,OK,jp@gc - Ultimate Thread Group 1-3,text,true,,312,63176,8,8,http://localhost:5000/yolo,13004,0,1
1589129524903,19503,HTTP Request,200,OK,jp@gc - Ultimate Thread Group 1-6,text,true,,312,63161,8,8,http://localhost:5000/yolo,19503,0,2
1589129531402,19251,HTTP Request,200,OK,jp@gc - Ultimate Thread Group 1-4,text,true,,312,63149,16,16,http://localhost:5000/yolo,19251,0,2
1589129531402,19251,HTTP Request,200,OK,jp@gc - Ultimate Thread Group 1-2,text,true,,312,63176,16,16,http://localhost:5000/yolo,19251,0,2
1589129538058,12594,HTTP Request,200,OK,jp@gc - Ultimate Thread Group 1-8,text,true,,312,63167,16,16,http://localhost:5000/yolo,12594,0,1
1589129538058,18944,HTTP Request,200,OK,jp@gc - Ultimate Thread Group 1-5,text,true,,312,63152,16,16,http://localhost:5000/yolo,18944,0,1
1589129538058,18944,HTTP Request,200,OK,jp@gc - Ultimate Thread Group 1-7,text,true,,312,63173,16,16,http://localhost:5000/yolo,18944,0,2
1589129544407,12596,HTTP Request,200,OK,jp@gc - Ultimate Thread Group 1-1,text,true,,312,63155,16,16,http://localhost:5000/yolo,12596,0,1
1589129544407,19047,HTTP Request,200,OK,jp@gc - Ultimate Thread Group 1-3,text,true,,312,63176,16,16,http://localhost:5000/yolo,19047,0,1
1589129544900,18554,HTTP Request,200,OK,jp@gc - Ultimate Thread Group 1-12,text,true,,312,63161,16,16,http://localhost:5000/yolo,18554,0,4
1589129544407,19047,HTTP Request,200,OK,jp@gc - Ultimate Thread Group 1-6,text,true,,312,63155,16,16,http://localhost:5000/yolo,19047,0,2
1589129544901,25006,HTTP Request,200,OK,jp@gc - Ultimate Thread Group 1-13,text,true,,312,63167,16,16,http://localhost:5000/yolo,25006,0,6
1589129544901,25006,HTTP Request,200,OK,jp@gc - Ultimate Thread Group 1-15,text,true,,312,63164,16,16,http://localhost:5000/yolo,25006,0,5
1589129544902,25005,HTTP Request,200,OK,jp@gc - Ultimate Thread Group 1-10,text,true,,312,63146,16,16,http://localhost:5000/yolo,25005,0,5
1589129544903,31250,HTTP Request,200,OK,jp@gc - Ultimate Thread Group 1-9,text,true,,312,63176,16,16,http://localhost:5000/yolo,31249,0,5
1589129544901,31252,HTTP Request,200,OK,jp@gc - Ultimate Thread Group 1-16,text,true,,312,63161,16,16,http://localhost:5000/yolo,31251,0,6
1589129544900,31254,HTTP Request,200,OK,jp@gc - Ultimate Thread Group 1-14,text,true,,312,63173,16,16,http://localhost:5000/yolo,31254,0,8
1589129544904,37698,HTTP Request,200,OK,jp@gc - Ultimate Thread Group 1-11,text,true,,312,63176,16,16,http://localhost:5000/yolo,37698,0,5
1589129550655,31947,HTTP Request,200,OK,jp@gc - Ultimate Thread Group 1-4,text,true,,312,63155,16,16,http://localhost:5000/yolo,31947,0,1
1589129550654,31949,HTTP Request,200,OK,jp@gc - Ultimate Thread Group 1-2,text,true,,312,63158,16,16,http://localhost:5000/yolo,31949,0,2
1589129550654,38503,HTTP Request,200,OK,jp@gc - Ultimate Thread Group 1-8,text,true,,312,63173,16,16,http://localhost:5000/yolo,38503,0,2
1589129557004,32153,HTTP Request,200,OK,jp@gc - Ultimate Thread Group 1-7,text,true,,312,63176,16,16,http://localhost:5000/yolo,32153,0,2
1589129557004,32154,HTTP Request,200,OK,jp@gc - Ultimate Thread Group 1-1,text,true,,312,63170,16,16,http://localhost:5000/yolo,32154,0,5
1589129563455,32049,HTTP Request,200,OK,jp@gc - Ultimate Thread Group 1-3,text,true,,312,63158,16,16,http://localhost:5000/yolo,32049,0,1
1589129563455,32049,HTTP Request,200,OK,jp@gc - Ultimate Thread Group 1-6,text,true,,312,63164,16,16,http://localhost:5000/yolo,32049,0,2
1589129557004,38501,HTTP Request,200,OK,jp@gc - Ultimate Thread Group 1-5,text,true,,312,63158,16,16,http://localhost:5000/yolo,38501,0,2
1589129563455,38161,HTTP Request,200,OK,jp@gc - Ultimate Thread Group 1-12,text,true,,312,63161,16,16,http://localhost:5000/yolo,38161,0,3
1589129569907,31709,HTTP Request,200,OK,jp@gc - Ultimate Thread Group 1-15,text,true,,312,63155,16,16,http://localhost:5000/yolo,31709,0,2
1589129569907,31710,HTTP Request,200,OK,jp@gc - Ultimate Thread Group 1-10,text,true,,312,63164,16,16,http://localhost:5000/yolo,31710,0,2
1589129576154,31818,HTTP Request,200,OK,jp@gc - Ultimate Thread Group 1-14,text,true,,312,63155,16,16,http://localhost:5000/yolo,31818,0,2
1589129576153,31819,HTTP Request,200,OK,jp@gc - Ultimate Thread Group 1-16,text,true,,312,63170,16,16,http://localhost:5000/yolo,31819,0,1
1589129569907,38065,HTTP Request,200,OK,jp@gc - Ultimate Thread Group 1-13,text,true,,312,63164,16,16,http://localhost:5000/yolo,38065,0,3
1589129576153,38503,HTTP Request,200,OK,jp@gc - Ultimate Thread Group 1-9,text,true,,312,63149,16,16,http://localhost:5000/yolo,38503,0,1
1589129582603,32053,HTTP Request,200,OK,jp@gc - Ultimate Thread Group 1-2,text,true,,312,63161,16,16,http://localhost:5000/yolo,32053,0,1
1589129582603,32053,HTTP Request,200,OK,jp@gc - Ultimate Thread Group 1-11,text,true,,312,63152,16,16,http://localhost:5000/yolo,32053,0,2
1589129582602,38810,HTTP Request,200,OK,jp@gc - Ultimate Thread Group 1-4,text,true,,312,63164,16,16,http://localhost:5000/yolo,38810,0,2
1589129589159,32255,HTTP Request,200,OK,jp@gc - Ultimate Thread Group 1-8,text,true,,312,63161,16,16,http://localhost:5000/yolo,32255,0,3
1589129589159,32255,HTTP Request,200,OK,jp@gc - Ultimate Thread Group 1-7,text,true,,312,63146,16,16,http://localhost:5000/yolo,32255,0,6
1589129589160,38500,HTTP Request,200,OK,jp@gc - Ultimate Thread Group 1-1,text,true,,312,63146,16,16,http://localhost:5000/yolo,38500,0,4
1589129595505,32155,HTTP Request,200,OK,jp@gc - Ultimate Thread Group 1-6,text,true,,312,63161,16,16,http://localhost:5000/yolo,32155,0,2
1589129595505,32154,HTTP Request,200,OK,jp@gc - Ultimate Thread Group 1-5,text,true,,312,63149,16,16,http://localhost:5000/yolo,32154,0,1
1589129595505,38708,HTTP Request,200,OK,jp@gc - Ultimate Thread Group 1-3,text,true,,312,63149,16,16,http://localhost:5000/yolo,38708,0,1
1589129601617,32597,HTTP Request,200,OK,jp@gc - Ultimate Thread Group 1-15,text,true,,312,63155,16,16,http://localhost:5000/yolo,32597,0,2
1589129601618,32596,HTTP Request,200,OK,jp@gc - Ultimate Thread Group 1-10,text,true,,312,63167,16,16,http://localhost:5000/yolo,32596,0,2
1589129601617,38842,HTTP Request,200,OK,jp@gc - Ultimate Thread Group 1-12,text,true,,312,63164,16,16,http://localhost:5000/yolo,38842,0,2
1589129607973,32487,HTTP Request,200,OK,jp@gc - Ultimate Thread Group 1-16,text,true,,312,63155,16,16,http://localhost:5000/yolo,32487,0,1
1589129607973,32487,HTTP Request,200,OK,jp@gc - Ultimate Thread Group 1-13,text,true,,312,63164,16,16,http://localhost:5000/yolo,32487,0,2
1589129614658,32213,HTTP Request,200,OK,jp@gc - Ultimate Thread Group 1-2,text,true,,312,63170,16,16,http://localhost:5000/yolo,32213,0,1
1589129614658,32213,HTTP Request,200,OK,jp@gc - Ultimate Thread Group 1-9,text,true,,312,63164,16,16,http://localhost:5000/yolo,32213,0,1
1589129607973,38898,HTTP Request,200,OK,jp@gc - Ultimate Thread Group 1-14,text,true,,312,63155,16,16,http://localhost:5000/yolo,38898,0,2
1589129614658,38574,HTTP Request,200,OK,jp@gc - Ultimate Thread Group 1-11,text,true,,312,63164,13,13,http://localhost:5000/yolo,38574,0,1
1589129621413,31818,HTTP Request,200,OK,jp@gc - Ultimate Thread Group 1-4,text,true,,312,63149,13,13,http://localhost:5000/yolo,31818,0,4
1589129621413,31818,HTTP Request,200,OK,jp@gc - Ultimate Thread Group 1-8,text,true,,312,63170,13,13,http://localhost:5000/yolo,31818,0,4
1589129621413,38197,HTTP Request,200,OK,jp@gc - Ultimate Thread Group 1-7,text,true,,312,63170,10,10,http://localhost:5000/yolo,38197,0,4
1589129627662,31949,HTTP Request,200,OK,jp@gc - Ultimate Thread Group 1-5,text,true,,312,63167,10,10,http://localhost:5000/yolo,31949,0,4
1589129627661,31950,HTTP Request,200,OK,jp@gc - Ultimate Thread Group 1-6,text,true,,312,63161,10,10,http://localhost:5000/yolo,31950,0,1
1589129627661,38401,HTTP Request,200,OK,jp@gc - Ultimate Thread Group 1-1,text,true,,312,63152,7,7,http://localhost:5000/yolo,38401,0,1
1589129634215,31847,HTTP Request,200,OK,jp@gc - Ultimate Thread Group 1-15,text,true,,312,63176,7,7,http://localhost:5000/yolo,31847,0,1
1589129634215,31847,HTTP Request,200,OK,jp@gc - Ultimate Thread Group 1-10,text,true,,312,63149,7,7,http://localhost:5000/yolo,31847,0,1
1589129634215,38169,HTTP Request,200,OK,jp@gc - Ultimate Thread Group 1-3,text,true,,312,63170,4,4,http://localhost:5000/yolo,38169,0,1
1589129640461,31923,HTTP Request,200,OK,jp@gc - Ultimate Thread Group 1-12,text,true,,312,63167,4,4,http://localhost:5000/yolo,31923,0,3
1589129640461,31924,HTTP Request,200,OK,jp@gc - Ultimate Thread Group 1-16,text,true,,312,63161,4,4,http://localhost:5000/yolo,31924,0,1
1589129640460,37375,HTTP Request,200,OK,jp@gc - Ultimate Thread Group 1-13,text,true,,312,63170,1,1,http://localhost:5000/yolo,37375,0,2
